요약,이슈 키,이슈 ID,이슈 유형,상태,프로젝트 키,프로젝트 이름,프로젝트 유형,프로젝트 리더,프로젝트 리더 ID,프로젝트 설명,우선 순위,해결,담당자,담당자 ID,보고자,보고자 ID,작성자,작성자 ID,만듦,업데이트,최근에 봄,해결됨,기한,투표,레이블,설명,환경,지켜보는 사람,관찰자 ID,최초 추정치,남은 추정치,사용한 시간,작업율,초기 추정의 합,Σ 남은 추정치,할애한 시간의 합,보안 등급,사용자정의 필드 (Team),사용자정의 필드 (development),사용자정의 필드 (순위),사용자정의 필드 (시작 날짜),사용자정의 필드 (이슈 색상),사용자정의 필드 (취약성),상위 항목,상위 키,Parent summary,상태 범주,상태 범주 변경됨
로그인과 JWT 세션을 제공한다,WF-174,10466,스토리,해야 할 일,WF,work-flow,software,고무서,712020:f79e4240-1ccc-43b9-b556-1cf56a12819c,,Highest,,pj,712020:78cf1d37-3963-4e43-9a6c-654d711b9b46,고무서,712020:f79e4240-1ccc-43b9-b556-1cf56a12819c,고무서,712020:f79e4240-1ccc-43b9-b556-1cf56a12819c,14/7월/26 8:30 오후,14/7월/26 8:30 오후,,,,0,P0;auth;jwt;owner-박상준,사용자 로그인 후 서버가 Access/Refresh JWT를 발급하고 세션을 관리한다.,,고무서,712020:f79e4240-1ccc-43b9-b556-1cf56a12819c,,,,,,,,,,{},0|i0003j:,,,,,,,해야 할 일,14/7월/26 8:30 오후
프로젝트 생성과 멤버 초대를 제공한다,WF-175,10470,스토리,해야 할 일,WF,work-flow,software,고무서,712020:f79e4240-1ccc-43b9-b556-1cf56a12819c,,Highest,,pj,712020:78cf1d37-3963-4e43-9a6c-654d711b9b46,고무서,712020:f79e4240-1ccc-43b9-b556-1cf56a12819c,고무서,712020:f79e4240-1ccc-43b9-b556-1cf56a12819c,14/7월/26 8:30 오후,14/7월/26 8:30 오후,,,,0,P0;project;invitation;owner-박상준,팀장은 프로젝트를 생성하고 팀원/심사자 초대 링크를 발급할 수 있다.,,고무서,712020:f79e4240-1ccc-43b9-b556-1cf56a12819c,,,,,,,,,,{},0|i0003r:,,,,,,,해야 할 일,14/7월/26 8:30 오후
역할별 마이페이지 셸을 제공한다,WF-176,10474,스토리,해야 할 일,WF,work-flow,software,고무서,712020:f79e4240-1ccc-43b9-b556-1cf56a12819c,,Medium,,pj,712020:78cf1d37-3963-4e43-9a6c-654d711b9b46,고무서,712020:f79e4240-1ccc-43b9-b556-1cf56a12819c,고무서,712020:f79e4240-1ccc-43b9-b556-1cf56a12819c,14/7월/26 8:30 오후,14/7월/26 8:30 오후,,,,0,P0;mypage;rbac;owner-박상준,팀장/팀원/심사자 개인 화면 레이아웃과 권한별 위젯 노출을 구현한다.,,고무서,712020:f79e4240-1ccc-43b9-b556-1cf56a12819c,,,,,,,,,,{},0|i0003z:,,,,,,,해야 할 일,14/7월/26 8:30 오후
회의록 문서 업로드와 상태 조회를 제공한다,WF-177,10477,스토리,진행 중,WF,work-flow,software,고무서,712020:f79e4240-1ccc-43b9-b556-1cf56a12819c,,Highest,,박지수,712020:edc0bc1f-3635-4e65-be44-df268ba6731b,고무서,712020:f79e4240-1ccc-43b9-b556-1cf56a12819c,고무서,712020:f79e4240-1ccc-43b9-b556-1cf56a12819c,14/7월/26 8:30 오후,15/7월/26 2:02 오후,,,,0,P0;meeting;upload;owner-박지수,회의록 파일을 업로드하고 텍스트 추출/분석 진행 상태를 확인한다.,,고무서,712020:f79e4240-1ccc-43b9-b556-1cf56a12819c,,,,,,,,,,{},0|i00047:,,,,,,,진행 중,15/7월/26 2:02 오후
LLM 회의 분석 결과를 구조화한다,WF-178,10480,스토리,진행 중,WF,work-flow,software,고무서,712020:f79e4240-1ccc-43b9-b556-1cf56a12819c,,Highest,,박지수,712020:edc0bc1f-3635-4e65-be44-df268ba6731b,고무서,712020:f79e4240-1ccc-43b9-b556-1cf56a12819c,고무서,712020:f79e4240-1ccc-43b9-b556-1cf56a12819c,14/7월/26 8:30 오후,15/7월/26 2:02 오후,,,,0,P0;llm;meeting-analysis;owner-박지수,"회의록 텍스트에서 요약, 결정사항, 위험요소, To-Do 후보를 JSON으로 생성한다.",,고무서,712020:f79e4240-1ccc-43b9-b556-1cf56a12819c,,,,,,,,,,{},0|i0004f:,,,,,,,진행 중,15/7월/26 2:02 오후
To-Do 후보를 검토 후 업무로 승인한다,WF-179,10484,스토리,해야 할 일,WF,work-flow,software,고무서,712020:f79e4240-1ccc-43b9-b556-1cf56a12819c,,Highest,,박지수,712020:edc0bc1f-3635-4e65-be44-df268ba6731b,고무서,712020:f79e4240-1ccc-43b9-b556-1cf56a12819c,고무서,712020:f79e4240-1ccc-43b9-b556-1cf56a12819c,14/7월/26 8:30 오후,14/7월/26 8:30 오후,,,,0,P0;todo;task;owner-박지수,"담당자가 명확한 업무는 자동 배정, 미배정 업무는 팀장이 수정 후 보드에 등록한다.",,고무서,712020:f79e4240-1ccc-43b9-b556-1cf56a12819c,,,,,,,,,,{},0|i0004n:,,,,,,,해야 할 일,14/7월/26 8:30 오후
프로젝트 대시보드 기본 집계를 제공한다,WF-180,10487,스토리,해야 할 일,WF,work-flow,software,고무서,712020:f79e4240-1ccc-43b9-b556-1cf56a12819c,,Highest,,유소은,712020:46584f29-35a8-435b-925e-689c4ceeb2ac,고무서,712020:f79e4240-1ccc-43b9-b556-1cf56a12819c,고무서,712020:f79e4240-1ccc-43b9-b556-1cf56a12819c,14/7월/26 8:30 오후,15/7월/26 10:16 오전,,,,0,P0;dashboard;aggregation;owner-허영주,"전체 진행률, D-day, 마감 임박 업무, 최근 활동을 표시한다.",,고무서,712020:f79e4240-1ccc-43b9-b556-1cf56a12819c,,,,,,,,,,{},0|i0004v:,,,,,,,해야 할 일,14/7월/26 8:30 오후
ML 지연 위험도 예측을 제공한다,WF-181,10491,스토리,해야 할 일,WF,work-flow,software,고무서,712020:f79e4240-1ccc-43b9-b556-1cf56a12819c,,Highest,,유소은,712020:46584f29-35a8-435b-925e-689c4ceeb2ac,고무서,712020:f79e4240-1ccc-43b9-b556-1cf56a12819c,고무서,712020:f79e4240-1ccc-43b9-b556-1cf56a12819c,14/7월/26 8:30 오후,15/7월/26 10:17 오전,,,,0,P0;ml;delay-risk;owner-허영주,"업무 상태, 마감일, 진행률 기반으로 정상/주의/위험을 예측한다.",,고무서,712020:f79e4240-1ccc-43b9-b556-1cf56a12819c,,,,,,,,,,{},0|i00053:,,,,,,,해야 할 일,14/7월/26 8:30 오후
팀원별 업무량을 표시한다,WF-182,10495,스토리,해야 할 일,WF,work-flow,software,고무서,712020:f79e4240-1ccc-43b9-b556-1cf56a12819c,,High,,유소은,712020:46584f29-35a8-435b-925e-689c4ceeb2ac,고무서,712020:f79e4240-1ccc-43b9-b556-1cf56a12819c,고무서,712020:f79e4240-1ccc-43b9-b556-1cf56a12819c,14/7월/26 8:30 오후,15/7월/26 10:17 오전,,,,0,P0;dashboard;overload;owner-허영주,"팀원별 업무 수, 완료율, 업무 편중 점수를 차트로 표시한다. 점수 모델은 FS-5 제공.",,고무서,712020:f79e4240-1ccc-43b9-b556-1cf56a12819c,,,,,,,,,,{},0|i0005b:,,,,,,,해야 할 일,14/7월/26 8:30 오후
프로젝트 문서를 RAG 인덱싱한다,WF-183,10497,스토리,해야 할 일,WF,work-flow,software,고무서,712020:f79e4240-1ccc-43b9-b556-1cf56a12819c,,Highest,,고무서,712020:f79e4240-1ccc-43b9-b556-1cf56a12819c,고무서,712020:f79e4240-1ccc-43b9-b556-1cf56a12819c,고무서,712020:f79e4240-1ccc-43b9-b556-1cf56a12819c,14/7월/26 8:30 오후,14/7월/26 8:30 오후,,,,0,P0;rag;embedding;owner-고무서,"회의록, To-Do, 업무 데이터를 chunk로 저장하고 embedding을 생성한다.",,고무서,712020:f79e4240-1ccc-43b9-b556-1cf56a12819c,,,,,,,,,,{},0|i0005j:,,,,,,,해야 할 일,14/7월/26 8:30 오후
출처 포함 프로젝트 Q&A를 제공한다,WF-184,10500,스토리,해야 할 일,WF,work-flow,software,고무서,712020:f79e4240-1ccc-43b9-b556-1cf56a12819c,,Highest,,고무서,712020:f79e4240-1ccc-43b9-b556-1cf56a12819c,고무서,712020:f79e4240-1ccc-43b9-b556-1cf56a12819c,고무서,712020:f79e4240-1ccc-43b9-b556-1cf56a12819c,14/7월/26 8:30 오후,14/7월/26 8:30 오후,,,,0,P0;assistant;qa;owner-고무서,사용자 질문에 프로젝트 근거를 검색해 답변하고 출처를 함께 표시한다.,,고무서,712020:f79e4240-1ccc-43b9-b556-1cf56a12819c,,,,,,,,,,{},0|i0005r:,,,,,,,해야 할 일,14/7월/26 8:30 오후
업무 편중 점수 모델을 제공한다,WF-185,10504,스토리,해야 할 일,WF,work-flow,software,고무서,712020:f79e4240-1ccc-43b9-b556-1cf56a12819c,,Highest,,dldmswn0293,712020:ceb2a2e9-bd2c-4488-b858-1856db7c737a,고무서,712020:f79e4240-1ccc-43b9-b556-1cf56a12819c,고무서,712020:f79e4240-1ccc-43b9-b556-1cf56a12819c,14/7월/26 8:30 오후,14/7월/26 8:30 오후,15/7월/26 2:42 오후,,,0,P0;ml;overload;owner-이은주,"팀원별 업무 수, 난이도, 완료율 기반으로 과부하 점수를 산정한다.",,고무서,712020:f79e4240-1ccc-43b9-b556-1cf56a12819c,,,,,,,,,,{},0|i0005z:,,,,,,,해야 할 일,14/7월/26 8:30 오후
ML 모델링 파이프라인을 지원한다,WF-186,10507,스토리,해야 할 일,WF,work-flow,software,고무서,712020:f79e4240-1ccc-43b9-b556-1cf56a12819c,,High,,dldmswn0293,712020:ceb2a2e9-bd2c-4488-b858-1856db7c737a,고무서,712020:f79e4240-1ccc-43b9-b556-1cf56a12819c,고무서,712020:f79e4240-1ccc-43b9-b556-1cf56a12819c,14/7월/26 8:30 오후,14/7월/26 8:30 오후,,,,0,P0;ml;pipeline;owner-이은주,지연 위험도 모델과 임베딩 파이프라인을 지원하고 실험 결과를 정리한다.,,고무서,712020:f79e4240-1ccc-43b9-b556-1cf56a12819c,,,,,,,,,,{},0|i00067:,,,,,,,해야 할 일,14/7월/26 8:30 오후
상태 기반 칸반 업무 보드를 제공한다,WF-187,10511,스토리,해야 할 일,WF,work-flow,software,고무서,712020:f79e4240-1ccc-43b9-b556-1cf56a12819c,,Highest,,허영주,712020:003b2733-8159-41b2-99b0-1d958da43054,고무서,712020:f79e4240-1ccc-43b9-b556-1cf56a12819c,고무서,712020:f79e4240-1ccc-43b9-b556-1cf56a12819c,14/7월/26 8:30 오후,15/7월/26 10:17 오전,,,,0,P0;board;kanban;owner-유소은,"할 일, 진행 중, 보류, 완료 컬럼으로 업무를 조회하고 이동한다.",,고무서,712020:f79e4240-1ccc-43b9-b556-1cf56a12819c,,,,,,,,,,{},0|i0006f:,,,,,,,해야 할 일,14/7월/26 8:30 오후
카테고리별 업무 생성과 상세 패널을 제공한다,WF-188,10514,스토리,해야 할 일,WF,work-flow,software,고무서,712020:f79e4240-1ccc-43b9-b556-1cf56a12819c,,Highest,,허영주,712020:003b2733-8159-41b2-99b0-1d958da43054,고무서,712020:f79e4240-1ccc-43b9-b556-1cf56a12819c,고무서,712020:f79e4240-1ccc-43b9-b556-1cf56a12819c,14/7월/26 8:30 오후,15/7월/26 10:17 오전,,,,0,P0;task-category;detail;owner-유소은,업무 생성 시 카테고리를 먼저 선택하고 공통/전용 필드를 입력한다.,,고무서,712020:f79e4240-1ccc-43b9-b556-1cf56a12819c,,,,,,,,,,{},0|i0006n:,,,,,,,해야 할 일,14/7월/26 8:30 오후
심사자 전용 기여도 리포트를 제공한다,WF-189,10518,스토리,해야 할 일,WF,work-flow,software,고무서,712020:f79e4240-1ccc-43b9-b556-1cf56a12819c,,Highest,,고무서,712020:f79e4240-1ccc-43b9-b556-1cf56a12819c,고무서,712020:f79e4240-1ccc-43b9-b556-1cf56a12819c,고무서,712020:f79e4240-1ccc-43b9-b556-1cf56a12819c,14/7월/26 8:30 오후,14/7월/26 8:30 오후,,,,0,P0;reviewer;contribution;owner-고무서,"업무, 회의, 문서 기반 개인별 활동 요약과 근거를 심사자에게만 표시한다.",,고무서,712020:f79e4240-1ccc-43b9-b556-1cf56a12819c,,,,,,,,,,{},0|i0006v:,,,,,,,해야 할 일,14/7월/26 8:30 오후
통합 QA와 권한 시나리오를 검증한다,WF-190,10522,스토리,해야 할 일,WF,work-flow,software,고무서,712020:f79e4240-1ccc-43b9-b556-1cf56a12819c,,Highest,,고무서,712020:f79e4240-1ccc-43b9-b556-1cf56a12819c,고무서,712020:f79e4240-1ccc-43b9-b556-1cf56a12819c,고무서,712020:f79e4240-1ccc-43b9-b556-1cf56a12819c,14/7월/26 8:30 오후,14/7월/26 8:30 오후,,,,0,P0;qa;demo;owner-고무서,회의록 업로드부터 평가 근거 확인까지 데모 흐름과 권한 차단을 검증한다.,,고무서,712020:f79e4240-1ccc-43b9-b556-1cf56a12819c,,,,,,,,,,{},0|i00073:,,,,,,,해야 할 일,14/7월/26 8:30 오후
공통 API 규칙과 응답 envelope를 적용한다,WF-191,10525,스토리,해야 할 일,WF,work-flow,software,고무서,712020:f79e4240-1ccc-43b9-b556-1cf56a12819c,,Highest,,pj,712020:78cf1d37-3963-4e43-9a6c-654d711b9b46,고무서,712020:f79e4240-1ccc-43b9-b556-1cf56a12819c,고무서,712020:f79e4240-1ccc-43b9-b556-1cf56a12819c,14/7월/26 8:30 오후,14/7월/26 8:30 오후,,,,0,P0;api;contract;owner-박상준,"모든 API는 /api/v1 기준, {success,data,error} 규칙과 공통 오류 코드를 따른다.",,고무서,712020:f79e4240-1ccc-43b9-b556-1cf56a12819c,,,,,,,,,,{},0|i0007b:,,,,,,,해야 할 일,14/7월/26 8:30 오후
비동기 처리와 상태 폴링 기반을 구축한다,WF-192,10528,스토리,진행 중,WF,work-flow,software,고무서,712020:f79e4240-1ccc-43b9-b556-1cf56a12819c,,High,,박지수,712020:edc0bc1f-3635-4e65-be44-df268ba6731b,고무서,712020:f79e4240-1ccc-43b9-b556-1cf56a12819c,고무서,712020:f79e4240-1ccc-43b9-b556-1cf56a12819c,14/7월/26 8:30 오후,15/7월/26 2:02 오후,,,,0,P0;async;queue;owner-박지수,"회의록 분석, RAG 인덱싱 작업을 비동기로 처리한다.",,고무서,712020:f79e4240-1ccc-43b9-b556-1cf56a12819c,,,,,,,,,,{},0|i0007j:,,,,,,,진행 중,15/7월/26 2:02 오후
FS-1 인증/프로젝트/RBAC,WF-193,10677,에픽,해야 할 일,WF,work-flow,software,고무서,712020:f79e4240-1ccc-43b9-b556-1cf56a12819c,,Highest,,pj,712020:78cf1d37-3963-4e43-9a6c-654d711b9b46,고무서,712020:f79e4240-1ccc-43b9-b556-1cf56a12819c,고무서,712020:f79e4240-1ccc-43b9-b556-1cf56a12819c,14/7월/26 9:10 오후,14/7월/26 9:10 오후,,,28/12월/25 12:00 오전,0,P0;auth;rbac;project;owner-박상준,"로그인, 프로젝트 생성, 팀원 초대, 프로젝트별 역할 권한을 구현한다.",,고무서,712020:f79e4240-1ccc-43b9-b556-1cf56a12819c,,,,,,,,,,{},0|i0007r:,,,,,,,해야 할 일,14/7월/26 9:10 오후
FS-2 회의록 AI/To-Do,WF-194,10678,에픽,진행 중,WF,work-flow,software,고무서,712020:f79e4240-1ccc-43b9-b556-1cf56a12819c,,Highest,,박지수,712020:edc0bc1f-3635-4e65-be44-df268ba6731b,고무서,712020:f79e4240-1ccc-43b9-b556-1cf56a12819c,고무서,712020:f79e4240-1ccc-43b9-b556-1cf56a12819c,14/7월/26 9:10 오후,15/7월/26 2:02 오후,,,28/12월/25 12:00 오전,0,P0;meeting;todo;ai;owner-박지수,"회의록 업로드, LLM 분석, To-Do 후보 생성 및 승인 흐름을 구현한다.",,고무서,712020:f79e4240-1ccc-43b9-b556-1cf56a12819c,,,,,,,,,,{},0|i0007z:,,,,,,,진행 중,15/7월/26 2:02 오후
FS-3 대시보드/지연 위험도,WF-195,10679,에픽,해야 할 일,WF,work-flow,software,고무서,712020:f79e4240-1ccc-43b9-b556-1cf56a12819c,,Highest,,유소은,712020:46584f29-35a8-435b-925e-689c4ceeb2ac,고무서,712020:f79e4240-1ccc-43b9-b556-1cf56a12819c,고무서,712020:f79e4240-1ccc-43b9-b556-1cf56a12819c,14/7월/26 9:10 오후,15/7월/26 10:17 오전,,,28/12월/25 12:00 오전,0,P0;dashboard;ml;owner-허영주,"진행률, 마감 임박, 최근 활동, ML 지연 위험도 예측, 팀원별 업무량 표시를 구현한다.",,고무서,712020:f79e4240-1ccc-43b9-b556-1cf56a12819c,,,,,,,,,,{},0|i00087:,,,,,,,해야 할 일,14/7월/26 9:10 오후
FS-4 AI Assistant/RAG,WF-196,10680,에픽,진행 중,WF,work-flow,software,고무서,712020:f79e4240-1ccc-43b9-b556-1cf56a12819c,,Highest,,고무서,712020:f79e4240-1ccc-43b9-b556-1cf56a12819c,고무서,712020:f79e4240-1ccc-43b9-b556-1cf56a12819c,고무서,712020:f79e4240-1ccc-43b9-b556-1cf56a12819c,14/7월/26 9:10 오후,15/7월/26 2:19 오후,,,28/12월/25 12:00 오전,0,P0;assistant;rag;owner-고무서,"프로젝트 데이터 기반 Q&A, embedding, vector 검색, 출처 표시를 구현한다.",,고무서,712020:f79e4240-1ccc-43b9-b556-1cf56a12819c,,,,,,,,,,{},0|i0008f:,,,,,,,진행 중,15/7월/26 2:19 오후
FS-5 ML/AI 모델링,WF-197,10681,에픽,해야 할 일,WF,work-flow,software,고무서,712020:f79e4240-1ccc-43b9-b556-1cf56a12819c,,Highest,,dldmswn0293,712020:ceb2a2e9-bd2c-4488-b858-1856db7c737a,고무서,712020:f79e4240-1ccc-43b9-b556-1cf56a12819c,고무서,712020:f79e4240-1ccc-43b9-b556-1cf56a12819c,14/7월/26 9:10 오후,14/7월/26 9:10 오후,,,28/12월/25 12:00 오전,0,P0;ml;model;owner-이은주,"업무 편중 점수 모델, 지연 위험도 모델링 지원, 임베딩 파이프라인 지원을 담당한다.",,고무서,712020:f79e4240-1ccc-43b9-b556-1cf56a12819c,,,,,,,,,,{},0|i0008n:,,,,,,,해야 할 일,14/7월/26 9:10 오후
FS-6 업무 보드,WF-198,10682,에픽,해야 할 일,WF,work-flow,software,고무서,712020:f79e4240-1ccc-43b9-b556-1cf56a12819c,,Highest,,허영주,712020:003b2733-8159-41b2-99b0-1d958da43054,고무서,712020:f79e4240-1ccc-43b9-b556-1cf56a12819c,고무서,712020:f79e4240-1ccc-43b9-b556-1cf56a12819c,14/7월/26 9:10 오후,15/7월/26 10:17 오전,,,28/12월/25 12:00 오전,0,P0;board;kanban;owner-유소은,"카테고리별 업무 보드, 칸반, 상세 패널, 체크리스트를 구현한다.",,고무서,712020:f79e4240-1ccc-43b9-b556-1cf56a12819c,,,,,,,,,,{},0|i0008v:,,,,,,,해야 할 일,14/7월/26 9:10 오후
FS-4 심사자/기여도/QA (통합),WF-199,10683,에픽,해야 할 일,WF,work-flow,software,고무서,712020:f79e4240-1ccc-43b9-b556-1cf56a12819c,,Highest,,고무서,712020:f79e4240-1ccc-43b9-b556-1cf56a12819c,고무서,712020:f79e4240-1ccc-43b9-b556-1cf56a12819c,고무서,712020:f79e4240-1ccc-43b9-b556-1cf56a12819c,14/7월/26 9:10 오후,14/7월/26 9:10 오후,,,28/12월/25 12:00 오전,0,P0;reviewer;contribution;qa;owner-고무서,"FS-7 이탈로 고무서(FS-4)가 인계. 심사자 대시보드, 개인별 기여도 리포트, AI 평가 근거, 통합 QA를 구현한다.",,고무서,712020:f79e4240-1ccc-43b9-b556-1cf56a12819c,,,,,,,,,,{},0|i00093:,,,,,,,해야 할 일,14/7월/26 9:10 오후
공통 통합/인프라,WF-200,10684,에픽,해야 할 일,WF,work-flow,software,고무서,712020:f79e4240-1ccc-43b9-b556-1cf56a12819c,,Highest,,pj,712020:78cf1d37-3963-4e43-9a6c-654d711b9b46,고무서,712020:f79e4240-1ccc-43b9-b556-1cf56a12819c,고무서,712020:f79e4240-1ccc-43b9-b556-1cf56a12819c,14/7월/26 9:10 오후,14/7월/26 9:10 오후,,,28/12월/25 12:00 오전,0,P0;infra;integration;owner-박상준,"공통 API 규칙, 응답 envelope, 비동기 처리 기반을 구축한다.",,고무서,712020:f79e4240-1ccc-43b9-b556-1cf56a12819c,,,,,,,,,,{},0|i0009b:,,,,,,,해야 할 일,14/7월/26 9:10 오후
로그인과 JWT 세션을 제공한다,WF-201,10685,스토리,해야 할 일,WF,work-flow,software,고무서,712020:f79e4240-1ccc-43b9-b556-1cf56a12819c,,Highest,,pj,712020:78cf1d37-3963-4e43-9a6c-654d711b9b46,고무서,712020:f79e4240-1ccc-43b9-b556-1cf56a12819c,고무서,712020:f79e4240-1ccc-43b9-b556-1cf56a12819c,14/7월/26 9:10 오후,14/7월/26 9:10 오후,,,28/12월/25 12:00 오전,0,P0;auth;jwt;owner-박상준,사용자 로그인 후 서버가 Access/Refresh JWT를 발급하고 세션을 관리한다.,,고무서,712020:f79e4240-1ccc-43b9-b556-1cf56a12819c,,,,,,,,,,{},0|i0009j:,,,,10677,WF-193,FS-1 인증/프로젝트/RBAC,해야 할 일,14/7월/26 9:10 오후
로그인/콜백 화면 구현,WF-202,10686,작업,해야 할 일,WF,work-flow,software,고무서,712020:f79e4240-1ccc-43b9-b556-1cf56a12819c,,Highest,,pj,712020:78cf1d37-3963-4e43-9a6c-654d711b9b46,고무서,712020:f79e4240-1ccc-43b9-b556-1cf56a12819c,고무서,712020:f79e4240-1ccc-43b9-b556-1cf56a12819c,14/7월/26 9:10 오후,14/7월/26 9:10 오후,,,28/12월/25 12:00 오전,0,P0;frontend;auth;owner-박상준,"로그인 버튼, 콜백 처리, 토큰 저장 흐름을 구현한다.",,고무서,712020:f79e4240-1ccc-43b9-b556-1cf56a12819c,,,,,,,,,,{},0|i0009r:,,,,10677,WF-193,FS-1 인증/프로젝트/RBAC,해야 할 일,14/7월/26 9:10 오후
로그인/refresh/logout API 구현,WF-203,10687,작업,해야 할 일,WF,work-flow,software,고무서,712020:f79e4240-1ccc-43b9-b556-1cf56a12819c,,Highest,,pj,712020:78cf1d37-3963-4e43-9a6c-654d711b9b46,고무서,712020:f79e4240-1ccc-43b9-b556-1cf56a12819c,고무서,712020:f79e4240-1ccc-43b9-b556-1cf56a12819c,14/7월/26 9:10 오후,14/7월/26 9:10 오후,,,28/12월/25 12:00 오전,0,P0;backend;auth;owner-박상준,"인증, 토큰 재발급, 로그아웃 API와 토큰 저장/폐기 로직을 구현한다.",,고무서,712020:f79e4240-1ccc-43b9-b556-1cf56a12819c,,,,,,,,,,{},0|i0009z:,,,,10677,WF-193,FS-1 인증/프로젝트/RBAC,해야 할 일,14/7월/26 9:10 오후
users 테이블 및 인증 필드 구현,WF-204,10688,작업,해야 할 일,WF,work-flow,software,고무서,712020:f79e4240-1ccc-43b9-b556-1cf56a12819c,,High,,pj,712020:78cf1d37-3963-4e43-9a6c-654d711b9b46,고무서,712020:f79e4240-1ccc-43b9-b556-1cf56a12819c,고무서,712020:f79e4240-1ccc-43b9-b556-1cf56a12819c,14/7월/26 9:10 오후,14/7월/26 9:10 오후,,,28/12월/25 12:00 오전,0,P0;db;auth;owner-박상준,users 스키마와 조회/생성 로직을 구현한다.,,고무서,712020:f79e4240-1ccc-43b9-b556-1cf56a12819c,,,,,,,,,,{},0|i000a7:,,,,10677,WF-193,FS-1 인증/프로젝트/RBAC,해야 할 일,14/7월/26 9:10 오후
프로젝트 생성과 멤버 초대를 제공한다,WF-205,10689,스토리,해야 할 일,WF,work-flow,software,고무서,712020:f79e4240-1ccc-43b9-b556-1cf56a12819c,,Highest,,pj,712020:78cf1d37-3963-4e43-9a6c-654d711b9b46,고무서,712020:f79e4240-1ccc-43b9-b556-1cf56a12819c,고무서,712020:f79e4240-1ccc-43b9-b556-1cf56a12819c,14/7월/26 9:10 오후,14/7월/26 9:10 오후,,,28/12월/25 12:00 오전,0,P0;project;invitation;owner-박상준,팀장은 프로젝트를 생성하고 팀원/심사자 초대 링크를 발급할 수 있다.,,고무서,712020:f79e4240-1ccc-43b9-b556-1cf56a12819c,,,,,,,,,,{},0|i000af:,,,,10677,WF-193,FS-1 인증/프로젝트/RBAC,해야 할 일,14/7월/26 9:10 오후
프로젝트 목록/생성 UI 구현,WF-206,10690,작업,해야 할 일,WF,work-flow,software,고무서,712020:f79e4240-1ccc-43b9-b556-1cf56a12819c,,High,,pj,712020:78cf1d37-3963-4e43-9a6c-654d711b9b46,고무서,712020:f79e4240-1ccc-43b9-b556-1cf56a12819c,고무서,712020:f79e4240-1ccc-43b9-b556-1cf56a12819c,14/7월/26 9:10 오후,14/7월/26 9:10 오후,,,28/12월/25 12:00 오전,0,P0;frontend;project;owner-박상준,"프로젝트 목록, 생성 모달, 마감일/유형/설명 입력 UI를 구현한다.",,고무서,712020:f79e4240-1ccc-43b9-b556-1cf56a12819c,,,,,,,,,,{},0|i000an:,,,,10677,WF-193,FS-1 인증/프로젝트/RBAC,해야 할 일,14/7월/26 9:10 오후
프로젝트 CRUD 및 초대 API 구현,WF-207,10691,작업,해야 할 일,WF,work-flow,software,고무서,712020:f79e4240-1ccc-43b9-b556-1cf56a12819c,,Highest,,pj,712020:78cf1d37-3963-4e43-9a6c-654d711b9b46,고무서,712020:f79e4240-1ccc-43b9-b556-1cf56a12819c,고무서,712020:f79e4240-1ccc-43b9-b556-1cf56a12819c,14/7월/26 9:10 오후,14/7월/26 9:10 오후,,,28/12월/25 12:00 오전,0,P0;backend;project;owner-박상준,"프로젝트 생성/조회/수정, 초대 발급/수락 API를 구현한다.",,고무서,712020:f79e4240-1ccc-43b9-b556-1cf56a12819c,,,,,,,,,,{},0|i000av:,,,,10677,WF-193,FS-1 인증/프로젝트/RBAC,해야 할 일,14/7월/26 9:10 오후
프로젝트별 RBAC 라우트/API 가드 구현,WF-208,10692,작업,해야 할 일,WF,work-flow,software,고무서,712020:f79e4240-1ccc-43b9-b556-1cf56a12819c,,Highest,,pj,712020:78cf1d37-3963-4e43-9a6c-654d711b9b46,고무서,712020:f79e4240-1ccc-43b9-b556-1cf56a12819c,고무서,712020:f79e4240-1ccc-43b9-b556-1cf56a12819c,14/7월/26 9:10 오후,14/7월/26 9:10 오후,,,28/12월/25 12:00 오전,0,P0;rbac;security;owner-박상준,project_members.role 기반으로 팀장/팀원/심사자 접근을 제어한다. 부담당 고무서.,,고무서,712020:f79e4240-1ccc-43b9-b556-1cf56a12819c,,,,,,,,,,{},0|i000b3:,,,,10677,WF-193,FS-1 인증/프로젝트/RBAC,해야 할 일,14/7월/26 9:10 오후
역할별 마이페이지 셸을 제공한다,WF-209,10693,스토리,해야 할 일,WF,work-flow,software,고무서,712020:f79e4240-1ccc-43b9-b556-1cf56a12819c,,Medium,,pj,712020:78cf1d37-3963-4e43-9a6c-654d711b9b46,고무서,712020:f79e4240-1ccc-43b9-b556-1cf56a12819c,고무서,712020:f79e4240-1ccc-43b9-b556-1cf56a12819c,14/7월/26 9:10 오후,14/7월/26 9:10 오후,,,28/12월/25 12:00 오전,0,P0;mypage;rbac;owner-박상준,팀장/팀원/심사자 개인 화면 레이아웃과 권한별 위젯 노출을 구현한다.,,고무서,712020:f79e4240-1ccc-43b9-b556-1cf56a12819c,,,,,,,,,,{},0|i000bb:,,,,10677,WF-193,FS-1 인증/프로젝트/RBAC,해야 할 일,14/7월/26 9:10 오후
"/me, /me/tasks 기본 API 구현",WF-210,10694,작업,해야 할 일,WF,work-flow,software,고무서,712020:f79e4240-1ccc-43b9-b556-1cf56a12819c,,Medium,,pj,712020:78cf1d37-3963-4e43-9a6c-654d711b9b46,고무서,712020:f79e4240-1ccc-43b9-b556-1cf56a12819c,고무서,712020:f79e4240-1ccc-43b9-b556-1cf56a12819c,14/7월/26 9:10 오후,14/7월/26 9:10 오후,,,28/12월/25 12:00 오전,0,P0;api;mypage;owner-박상준,로그인 사용자 정보와 내 업무 조회 API를 구현한다.,,고무서,712020:f79e4240-1ccc-43b9-b556-1cf56a12819c,,,,,,,,,,{},0|i000bj:,,,,10677,WF-193,FS-1 인증/프로젝트/RBAC,해야 할 일,14/7월/26 9:11 오후
역할별 마이페이지 라우트/위젯 구현,WF-211,10695,작업,해야 할 일,WF,work-flow,software,고무서,712020:f79e4240-1ccc-43b9-b556-1cf56a12819c,,Medium,,pj,712020:78cf1d37-3963-4e43-9a6c-654d711b9b46,고무서,712020:f79e4240-1ccc-43b9-b556-1cf56a12819c,고무서,712020:f79e4240-1ccc-43b9-b556-1cf56a12819c,14/7월/26 9:11 오후,14/7월/26 9:11 오후,,,28/12월/25 12:00 오전,0,P0;frontend;mypage;owner-박상준,역할에 따라 다른 위젯 구성을 표시한다.,,고무서,712020:f79e4240-1ccc-43b9-b556-1cf56a12819c,,,,,,,,,,{},0|i000br:,,,,10677,WF-193,FS-1 인증/프로젝트/RBAC,해야 할 일,14/7월/26 9:11 오후
회의록 문서 업로드와 상태 조회를 제공한다,WF-212,10696,스토리,완료,WF,work-flow,software,고무서,712020:f79e4240-1ccc-43b9-b556-1cf56a12819c,,Highest,완료,박지수,712020:edc0bc1f-3635-4e65-be44-df268ba6731b,고무서,712020:f79e4240-1ccc-43b9-b556-1cf56a12819c,고무서,712020:f79e4240-1ccc-43b9-b556-1cf56a12819c,14/7월/26 9:11 오후,15/7월/26 2:01 오후,,15/7월/26 2:01 오후,28/12월/25 12:00 오전,0,P0;meeting;upload;owner-박지수,회의록 파일을 업로드하고 텍스트 추출/분석 진행 상태를 확인한다.,,고무서,712020:f79e4240-1ccc-43b9-b556-1cf56a12819c,,,,,,,,,,{},0|i000bz:,,,,10678,WF-194,FS-2 회의록 AI/To-Do,완료,15/7월/26 2:01 오후
회의록 업로드 화면 구현,WF-213,10697,작업,완료,WF,work-flow,software,고무서,712020:f79e4240-1ccc-43b9-b556-1cf56a12819c,,Highest,완료,박지수,712020:edc0bc1f-3635-4e65-be44-df268ba6731b,고무서,712020:f79e4240-1ccc-43b9-b556-1cf56a12819c,고무서,712020:f79e4240-1ccc-43b9-b556-1cf56a12819c,14/7월/26 9:11 오후,15/7월/26 2:01 오후,,15/7월/26 2:01 오후,28/12월/25 12:00 오전,0,P0;frontend;meeting;owner-박지수,"문서 업로드, 참석자 선택 UI를 구현한다.",,고무서,712020:f79e4240-1ccc-43b9-b556-1cf56a12819c,,,,,,,,,,{},0|i000c7:,,,,10678,WF-194,FS-2 회의록 AI/To-Do,완료,15/7월/26 2:01 오후
회의록 업로드 API 및 메타데이터 저장 구현,WF-214,10698,작업,완료,WF,work-flow,software,고무서,712020:f79e4240-1ccc-43b9-b556-1cf56a12819c,,Highest,완료,박지수,712020:edc0bc1f-3635-4e65-be44-df268ba6731b,고무서,712020:f79e4240-1ccc-43b9-b556-1cf56a12819c,고무서,712020:f79e4240-1ccc-43b9-b556-1cf56a12819c,14/7월/26 9:11 오후,15/7월/26 2:01 오후,,15/7월/26 2:01 오후,28/12월/25 12:00 오전,0,P0;backend;meeting;owner-박지수,meetings 테이블에 파일과 참석자 정보를 저장한다.,,고무서,712020:f79e4240-1ccc-43b9-b556-1cf56a12819c,,,,,,,,,,{},0|i000cf:,,,,10678,WF-194,FS-2 회의록 AI/To-Do,완료,15/7월/26 2:01 오후
LLM 회의 분석 결과를 구조화한다,WF-215,10699,스토리,진행 중,WF,work-flow,software,고무서,712020:f79e4240-1ccc-43b9-b556-1cf56a12819c,,Highest,,박지수,712020:edc0bc1f-3635-4e65-be44-df268ba6731b,고무서,712020:f79e4240-1ccc-43b9-b556-1cf56a12819c,고무서,712020:f79e4240-1ccc-43b9-b556-1cf56a12819c,14/7월/26 9:11 오후,15/7월/26 2:02 오후,,,28/12월/25 12:00 오전,0,P0;llm;meeting-analysis;owner-박지수,"회의록 텍스트에서 요약, 결정사항, 위험요소, To-Do 후보를 JSON으로 생성한다.",,고무서,712020:f79e4240-1ccc-43b9-b556-1cf56a12819c,,,,,,,,,,{},0|i000cn:,,,,10678,WF-194,FS-2 회의록 AI/To-Do,진행 중,15/7월/26 2:02 오후
/ai/meeting/analyze 엔드포인트 구현,WF-216,10700,작업,진행 중,WF,work-flow,software,고무서,712020:f79e4240-1ccc-43b9-b556-1cf56a12819c,,Highest,,박지수,712020:edc0bc1f-3635-4e65-be44-df268ba6731b,고무서,712020:f79e4240-1ccc-43b9-b556-1cf56a12819c,고무서,712020:f79e4240-1ccc-43b9-b556-1cf56a12819c,14/7월/26 9:11 오후,15/7월/26 2:02 오후,,,28/12월/25 12:00 오전,0,P0;ai;llm;owner-박지수,"summary, decisions, risks, action_items 구조로 반환한다. 부담당 고무서(LLM).",,고무서,712020:f79e4240-1ccc-43b9-b556-1cf56a12819c,,,,,,,,,,{},0|i000cv:,,,,10678,WF-194,FS-2 회의록 AI/To-Do,진행 중,15/7월/26 2:02 오후
회의 분석 결과 화면 구현,WF-217,10701,작업,완료,WF,work-flow,software,고무서,712020:f79e4240-1ccc-43b9-b556-1cf56a12819c,,Highest,완료,박지수,712020:edc0bc1f-3635-4e65-be44-df268ba6731b,고무서,712020:f79e4240-1ccc-43b9-b556-1cf56a12819c,고무서,712020:f79e4240-1ccc-43b9-b556-1cf56a12819c,14/7월/26 9:11 오후,15/7월/26 2:01 오후,,15/7월/26 2:01 오후,28/12월/25 12:00 오전,0,P0;frontend;meeting;owner-박지수,"요약, 결정사항, 위험요소, To-Do 후보 리스트를 표시한다.",,고무서,712020:f79e4240-1ccc-43b9-b556-1cf56a12819c,,,,,,,,,,{},0|i000d3:,,,,10678,WF-194,FS-2 회의록 AI/To-Do,완료,15/7월/26 2:01 오후
분석 상태 폴링 및 오류 처리 구현,WF-218,10702,작업,진행 중,WF,work-flow,software,고무서,712020:f79e4240-1ccc-43b9-b556-1cf56a12819c,,High,,박지수,712020:edc0bc1f-3635-4e65-be44-df268ba6731b,고무서,712020:f79e4240-1ccc-43b9-b556-1cf56a12819c,고무서,712020:f79e4240-1ccc-43b9-b556-1cf56a12819c,14/7월/26 9:11 오후,15/7월/26 2:02 오후,,,28/12월/25 12:00 오전,0,P0;async;meeting;owner-박지수,jobId 기반 분석 중/완료/실패 상태를 처리한다.,,고무서,712020:f79e4240-1ccc-43b9-b556-1cf56a12819c,,,,,,,,,,{},0|i000db:,,,,10678,WF-194,FS-2 회의록 AI/To-Do,진행 중,15/7월/26 2:02 오후
To-Do 후보를 검토 후 업무로 승인한다,WF-219,10703,스토리,완료,WF,work-flow,software,고무서,712020:f79e4240-1ccc-43b9-b556-1cf56a12819c,,Highest,완료,박지수,712020:edc0bc1f-3635-4e65-be44-df268ba6731b,고무서,712020:f79e4240-1ccc-43b9-b556-1cf56a12819c,고무서,712020:f79e4240-1ccc-43b9-b556-1cf56a12819c,14/7월/26 9:11 오후,15/7월/26 2:01 오후,,15/7월/26 2:01 오후,28/12월/25 12:00 오전,0,P0;todo;task;owner-박지수,"담당자가 명확한 업무는 자동 배정, 미배정 업무는 팀장이 수정 후 보드에 등록한다.",,고무서,712020:f79e4240-1ccc-43b9-b556-1cf56a12819c,,,,,,,,,,{},0|i000dj:,,,,10678,WF-194,FS-2 회의록 AI/To-Do,완료,15/7월/26 2:01 오후
To-Do 후보 검토/수정 UI 구현,WF-220,10704,작업,완료,WF,work-flow,software,고무서,712020:f79e4240-1ccc-43b9-b556-1cf56a12819c,,Highest,완료,박지수,712020:edc0bc1f-3635-4e65-be44-df268ba6731b,고무서,712020:f79e4240-1ccc-43b9-b556-1cf56a12819c,고무서,712020:f79e4240-1ccc-43b9-b556-1cf56a12819c,14/7월/26 9:11 오후,15/7월/26 2:01 오후,,15/7월/26 2:01 오후,28/12월/25 12:00 오전,0,P0;frontend;todo;owner-박지수,"담당자, 마감일, 우선순위 수정 후 승인 UI를 구현한다.",,고무서,712020:f79e4240-1ccc-43b9-b556-1cf56a12819c,,,,,,,,,,{},0|i000dr:,,,,10678,WF-194,FS-2 회의록 AI/To-Do,완료,15/7월/26 2:01 오후
To-Do 승인 API 구현,WF-221,10705,작업,완료,WF,work-flow,software,고무서,712020:f79e4240-1ccc-43b9-b556-1cf56a12819c,,Highest,완료,박지수,712020:edc0bc1f-3635-4e65-be44-df268ba6731b,고무서,712020:f79e4240-1ccc-43b9-b556-1cf56a12819c,고무서,712020:f79e4240-1ccc-43b9-b556-1cf56a12819c,14/7월/26 9:11 오후,15/7월/26 2:01 오후,,15/7월/26 2:01 오후,28/12월/25 12:00 오전,0,P0;backend;todo;owner-박지수,선택된 후보를 tasks 테이블에 생성한다. 부담당 유소은(보드 연동).,,고무서,712020:f79e4240-1ccc-43b9-b556-1cf56a12819c,,,,,,,,,,{},0|i000dz:,,,,10678,WF-194,FS-2 회의록 AI/To-Do,완료,15/7월/26 2:01 오후
프로젝트 대시보드 기본 집계를 제공한다,WF-222,10706,스토리,해야 할 일,WF,work-flow,software,고무서,712020:f79e4240-1ccc-43b9-b556-1cf56a12819c,,Highest,,유소은,712020:46584f29-35a8-435b-925e-689c4ceeb2ac,고무서,712020:f79e4240-1ccc-43b9-b556-1cf56a12819c,고무서,712020:f79e4240-1ccc-43b9-b556-1cf56a12819c,14/7월/26 9:11 오후,15/7월/26 10:18 오전,,,28/12월/25 12:00 오전,0,P0;dashboard;aggregation;owner-허영주,"전체 진행률, D-day, 마감 임박 업무, 최근 활동을 표시한다.",,고무서,712020:f79e4240-1ccc-43b9-b556-1cf56a12819c,,,,,,,,,,{},0|i000e7:,,,,10679,WF-195,FS-3 대시보드/지연 위험도,해야 할 일,14/7월/26 9:11 오후
대시보드 카드/차트 UI 구현,WF-223,10707,작업,해야 할 일,WF,work-flow,software,고무서,712020:f79e4240-1ccc-43b9-b556-1cf56a12819c,,Highest,,유소은,712020:46584f29-35a8-435b-925e-689c4ceeb2ac,고무서,712020:f79e4240-1ccc-43b9-b556-1cf56a12819c,고무서,712020:f79e4240-1ccc-43b9-b556-1cf56a12819c,14/7월/26 9:11 오후,15/7월/26 10:18 오전,,,28/12월/25 12:00 오전,0,P0;frontend;dashboard;owner-허영주,"전체 진행률, D-day, 마감 임박, 최근 활동 카드와 차트를 구현한다.",,고무서,712020:f79e4240-1ccc-43b9-b556-1cf56a12819c,,,,,,,,,,{},0|i000ef:,,,,10679,WF-195,FS-3 대시보드/지연 위험도,해야 할 일,14/7월/26 9:11 오후
dashboard summary/workload API 구현,WF-224,10708,작업,해야 할 일,WF,work-flow,software,고무서,712020:f79e4240-1ccc-43b9-b556-1cf56a12819c,,Highest,,유소은,712020:46584f29-35a8-435b-925e-689c4ceeb2ac,고무서,712020:f79e4240-1ccc-43b9-b556-1cf56a12819c,고무서,712020:f79e4240-1ccc-43b9-b556-1cf56a12819c,14/7월/26 9:11 오후,15/7월/26 10:18 오전,,,28/12월/25 12:00 오전,0,P0;backend;dashboard;owner-허영주,업무 상태와 멤버별 집계를 반환한다.,,고무서,712020:f79e4240-1ccc-43b9-b556-1cf56a12819c,,,,,,,,,,{},0|i000en:,,,,10679,WF-195,FS-3 대시보드/지연 위험도,해야 할 일,14/7월/26 9:11 오후
activities 이벤트 로그 저장 구현,WF-225,10709,작업,해야 할 일,WF,work-flow,software,고무서,712020:f79e4240-1ccc-43b9-b556-1cf56a12819c,,High,,유소은,712020:46584f29-35a8-435b-925e-689c4ceeb2ac,고무서,712020:f79e4240-1ccc-43b9-b556-1cf56a12819c,고무서,712020:f79e4240-1ccc-43b9-b556-1cf56a12819c,14/7월/26 9:11 오후,15/7월/26 10:18 오전,,,28/12월/25 12:00 오전,0,P0;db;activity;owner-허영주,"업무 변경, 회의록 분석 등 최근 활동을 저장한다.",,고무서,712020:f79e4240-1ccc-43b9-b556-1cf56a12819c,,,,,,,,,,{},0|i000ev:,,,,10679,WF-195,FS-3 대시보드/지연 위험도,해야 할 일,14/7월/26 9:11 오후
ML 지연 위험도 예측을 제공한다,WF-226,10710,스토리,해야 할 일,WF,work-flow,software,고무서,712020:f79e4240-1ccc-43b9-b556-1cf56a12819c,,Highest,,유소은,712020:46584f29-35a8-435b-925e-689c4ceeb2ac,고무서,712020:f79e4240-1ccc-43b9-b556-1cf56a12819c,고무서,712020:f79e4240-1ccc-43b9-b556-1cf56a12819c,14/7월/26 9:11 오후,15/7월/26 10:18 오전,,,28/12월/25 12:00 오전,0,P0;ml;delay-risk;owner-허영주,"업무 상태, 마감일, 진행률 기반으로 정상/주의/위험을 예측한다.",,고무서,712020:f79e4240-1ccc-43b9-b556-1cf56a12819c,,,,,,,,,,{},0|i000f3:,,,,10679,WF-195,FS-3 대시보드/지연 위험도,해야 할 일,14/7월/26 9:11 오후
지연 위험도 baseline 모델 구현,WF-227,10711,작업,해야 할 일,WF,work-flow,software,고무서,712020:f79e4240-1ccc-43b9-b556-1cf56a12819c,,Highest,,유소은,712020:46584f29-35a8-435b-925e-689c4ceeb2ac,고무서,712020:f79e4240-1ccc-43b9-b556-1cf56a12819c,고무서,712020:f79e4240-1ccc-43b9-b556-1cf56a12819c,14/7월/26 9:11 오후,15/7월/26 10:18 오전,,,28/12월/25 12:00 오전,0,P0;ai;ml;owner-허영주,scikit-learn/LightGBM baseline으로 위험 등급과 score를 반환한다. 부담당 이은주(모델).,,고무서,712020:f79e4240-1ccc-43b9-b556-1cf56a12819c,,,,,,,,,,{},0|i000fb:,,,,10679,WF-195,FS-3 대시보드/지연 위험도,해야 할 일,14/7월/26 9:11 오후
/ai/predict/delay 연동 및 예측 저장 구현,WF-228,10712,작업,해야 할 일,WF,work-flow,software,고무서,712020:f79e4240-1ccc-43b9-b556-1cf56a12819c,,High,,유소은,712020:46584f29-35a8-435b-925e-689c4ceeb2ac,고무서,712020:f79e4240-1ccc-43b9-b556-1cf56a12819c,고무서,712020:f79e4240-1ccc-43b9-b556-1cf56a12819c,14/7월/26 9:11 오후,15/7월/26 10:18 오전,,,28/12월/25 12:00 오전,0,P0;backend;ml;owner-허영주,예측 결과를 ml_predictions에 저장하고 조회 API로 제공한다.,,고무서,712020:f79e4240-1ccc-43b9-b556-1cf56a12819c,,,,,,,,,,{},0|i000fj:,,,,10679,WF-195,FS-3 대시보드/지연 위험도,해야 할 일,14/7월/26 9:11 오후
업무 상세/대시보드 위험도 표시 구현,WF-229,10713,작업,해야 할 일,WF,work-flow,software,고무서,712020:f79e4240-1ccc-43b9-b556-1cf56a12819c,,High,,유소은,712020:46584f29-35a8-435b-925e-689c4ceeb2ac,고무서,712020:f79e4240-1ccc-43b9-b556-1cf56a12819c,고무서,712020:f79e4240-1ccc-43b9-b556-1cf56a12819c,14/7월/26 9:11 오후,15/7월/26 10:18 오전,,,28/12월/25 12:00 오전,0,P0;frontend;ml;owner-허영주,예측 등급과 score를 대시보드와 업무 상세에 표시한다.,,고무서,712020:f79e4240-1ccc-43b9-b556-1cf56a12819c,,,,,,,,,,{},0|i000fr:,,,,10679,WF-195,FS-3 대시보드/지연 위험도,해야 할 일,14/7월/26 9:11 오후
팀원별 업무량을 표시한다,WF-230,10714,스토리,해야 할 일,WF,work-flow,software,고무서,712020:f79e4240-1ccc-43b9-b556-1cf56a12819c,,High,,유소은,712020:46584f29-35a8-435b-925e-689c4ceeb2ac,고무서,712020:f79e4240-1ccc-43b9-b556-1cf56a12819c,고무서,712020:f79e4240-1ccc-43b9-b556-1cf56a12819c,14/7월/26 9:11 오후,15/7월/26 10:18 오전,,,28/12월/25 12:00 오전,0,P0;dashboard;overload;owner-허영주,"팀원별 업무 수, 완료율, 업무 편중 점수를 차트로 표시한다. 점수 모델은 FS-5 제공.",,고무서,712020:f79e4240-1ccc-43b9-b556-1cf56a12819c,,,,,,,,,,{},0|i000fz:,,,,10679,WF-195,FS-3 대시보드/지연 위험도,해야 할 일,14/7월/26 9:11 오후
팀원별 업무량 차트/과부하 표시 구현,WF-231,10715,작업,해야 할 일,WF,work-flow,software,고무서,712020:f79e4240-1ccc-43b9-b556-1cf56a12819c,,High,,유소은,712020:46584f29-35a8-435b-925e-689c4ceeb2ac,고무서,712020:f79e4240-1ccc-43b9-b556-1cf56a12819c,고무서,712020:f79e4240-1ccc-43b9-b556-1cf56a12819c,14/7월/26 9:11 오후,15/7월/26 10:18 오전,,,28/12월/25 12:00 오전,0,P0;frontend;dashboard;owner-허영주,"멤버별 업무 수, 완료율, 과부하 점수를 차트로 표시한다.",,고무서,712020:f79e4240-1ccc-43b9-b556-1cf56a12819c,,,,,,,,,,{},0|i000g7:,,,,10679,WF-195,FS-3 대시보드/지연 위험도,해야 할 일,14/7월/26 9:11 오후
프로젝트 문서를 RAG 인덱싱한다,WF-232,10716,스토리,진행 중,WF,work-flow,software,고무서,712020:f79e4240-1ccc-43b9-b556-1cf56a12819c,,Highest,,고무서,712020:f79e4240-1ccc-43b9-b556-1cf56a12819c,고무서,712020:f79e4240-1ccc-43b9-b556-1cf56a12819c,고무서,712020:f79e4240-1ccc-43b9-b556-1cf56a12819c,14/7월/26 9:11 오후,15/7월/26 2:06 오후,,,28/12월/25 12:00 오전,0,P0;rag;embedding;owner-고무서,"회의록, To-Do, 업무 데이터를 chunk로 저장하고 embedding을 생성한다.",,고무서,712020:f79e4240-1ccc-43b9-b556-1cf56a12819c,,,,,,,,,,{},0|i000gf:,,,,10680,WF-196,FS-4 AI Assistant/RAG,진행 중,15/7월/26 2:06 오후
document_chunks 및 pgvector 스키마 구현,WF-233,10717,작업,진행 중,WF,work-flow,software,고무서,712020:f79e4240-1ccc-43b9-b556-1cf56a12819c,,High,,고무서,712020:f79e4240-1ccc-43b9-b556-1cf56a12819c,고무서,712020:f79e4240-1ccc-43b9-b556-1cf56a12819c,고무서,712020:f79e4240-1ccc-43b9-b556-1cf56a12819c,14/7월/26 9:11 오후,15/7월/26 2:07 오후,,,28/12월/25 12:00 오전,0,P0;db;rag;owner-고무서,source_type/source_id/content/embedding 구조로 chunk를 저장한다. 부담당 이은주.,,고무서,712020:f79e4240-1ccc-43b9-b556-1cf56a12819c,,,,,,,,,,{},0|i000gn:,,,,10680,WF-196,FS-4 AI Assistant/RAG,진행 중,15/7월/26 2:07 오후
/ai/rag/index 엔드포인트 구현,WF-234,10718,작업,진행 중,WF,work-flow,software,고무서,712020:f79e4240-1ccc-43b9-b556-1cf56a12819c,,Highest,,고무서,712020:f79e4240-1ccc-43b9-b556-1cf56a12819c,고무서,712020:f79e4240-1ccc-43b9-b556-1cf56a12819c,고무서,712020:f79e4240-1ccc-43b9-b556-1cf56a12819c,14/7월/26 9:11 오후,15/7월/26 2:07 오후,,,28/12월/25 12:00 오전,0,P0;ai;rag;owner-고무서,새 문서와 업무 데이터를 chunking하고 embedding 후 저장한다.,,고무서,712020:f79e4240-1ccc-43b9-b556-1cf56a12819c,,,,,,,,,,{},0|i000gv:,,,,10680,WF-196,FS-4 AI Assistant/RAG,진행 중,15/7월/26 2:07 오후
출처 포함 프로젝트 Q&A를 제공한다,WF-235,10719,스토리,진행 중,WF,work-flow,software,고무서,712020:f79e4240-1ccc-43b9-b556-1cf56a12819c,,Highest,,고무서,712020:f79e4240-1ccc-43b9-b556-1cf56a12819c,고무서,712020:f79e4240-1ccc-43b9-b556-1cf56a12819c,고무서,712020:f79e4240-1ccc-43b9-b556-1cf56a12819c,14/7월/26 9:11 오후,15/7월/26 2:07 오후,,,28/12월/25 12:00 오전,0,P0;assistant;qa;owner-고무서,사용자 질문에 프로젝트 근거를 검색해 답변하고 출처를 함께 표시한다.,,고무서,712020:f79e4240-1ccc-43b9-b556-1cf56a12819c,,,,,,,,,,{},0|i000h3:,,,,10680,WF-196,FS-4 AI Assistant/RAG,진행 중,15/7월/26 2:07 오후
Assistant 채팅 UI 구현,WF-236,10720,작업,진행 중,WF,work-flow,software,고무서,712020:f79e4240-1ccc-43b9-b556-1cf56a12819c,,Highest,,고무서,712020:f79e4240-1ccc-43b9-b556-1cf56a12819c,고무서,712020:f79e4240-1ccc-43b9-b556-1cf56a12819c,고무서,712020:f79e4240-1ccc-43b9-b556-1cf56a12819c,14/7월/26 9:11 오후,15/7월/26 2:07 오후,,,28/12월/25 12:00 오전,0,P0;frontend;assistant;owner-고무서,"질문 입력, 답변 표시, 출처 뱃지, 대화 히스토리 UI를 구현한다.",,고무서,712020:f79e4240-1ccc-43b9-b556-1cf56a12819c,,,,,,,,,,{},0|i000hb:,,,,10680,WF-196,FS-4 AI Assistant/RAG,진행 중,15/7월/26 2:07 오후
/assistant/ask API와 권한 필터 구현,WF-237,10721,작업,진행 중,WF,work-flow,software,고무서,712020:f79e4240-1ccc-43b9-b556-1cf56a12819c,,Highest,,고무서,712020:f79e4240-1ccc-43b9-b556-1cf56a12819c,고무서,712020:f79e4240-1ccc-43b9-b556-1cf56a12819c,고무서,712020:f79e4240-1ccc-43b9-b556-1cf56a12819c,14/7월/26 9:11 오후,15/7월/26 2:07 오후,,,28/12월/25 12:00 오전,0,P0;backend;assistant;owner-고무서,프로젝트 역할에 맞는 데이터만 검색하도록 권한 필터를 적용한다. 부담당 박지수.,,고무서,712020:f79e4240-1ccc-43b9-b556-1cf56a12819c,,,,,,,,,,{},0|i000hj:,,,,10680,WF-196,FS-4 AI Assistant/RAG,진행 중,15/7월/26 2:07 오후
/ai/rag/query 엔드포인트 구현,WF-238,10722,작업,진행 중,WF,work-flow,software,고무서,712020:f79e4240-1ccc-43b9-b556-1cf56a12819c,,Highest,,고무서,712020:f79e4240-1ccc-43b9-b556-1cf56a12819c,고무서,712020:f79e4240-1ccc-43b9-b556-1cf56a12819c,고무서,712020:f79e4240-1ccc-43b9-b556-1cf56a12819c,14/7월/26 9:11 오후,15/7월/26 2:07 오후,,,28/12월/25 12:00 오전,0,P0;ai;rag;owner-고무서,질문 embedding 검색 후 LLM 답변과 source 목록을 반환한다.,,고무서,712020:f79e4240-1ccc-43b9-b556-1cf56a12819c,,,,,,,,,,{},0|i000hr:,,,,10680,WF-196,FS-4 AI Assistant/RAG,진행 중,15/7월/26 2:07 오후
업무 편중 점수 모델을 제공한다,WF-239,10723,스토리,진행 중,WF,work-flow,software,고무서,712020:f79e4240-1ccc-43b9-b556-1cf56a12819c,,Highest,,dldmswn0293,712020:ceb2a2e9-bd2c-4488-b858-1856db7c737a,고무서,712020:f79e4240-1ccc-43b9-b556-1cf56a12819c,고무서,712020:f79e4240-1ccc-43b9-b556-1cf56a12819c,14/7월/26 9:11 오후,15/7월/26 2:46 오후,15/7월/26 2:43 오후,,20/7월/26 12:00 오전,0,P0;ml;overload;owner-이은주,"팀원별 업무 수, 난이도, 완료율 기반으로 과부하 점수를 산정한다.",,고무서,712020:f79e4240-1ccc-43b9-b556-1cf56a12819c,,,,,,,,,,{},0|i000hz:,,,,10681,WF-197,FS-5 ML/AI 모델링,진행 중,15/7월/26 2:46 오후
업무 편중 피처 설계 및 데이터 준비,WF-240,10724,작업,진행 중,WF,work-flow,software,고무서,712020:f79e4240-1ccc-43b9-b556-1cf56a12819c,,High,,dldmswn0293,712020:ceb2a2e9-bd2c-4488-b858-1856db7c737a,고무서,712020:f79e4240-1ccc-43b9-b556-1cf56a12819c,고무서,712020:f79e4240-1ccc-43b9-b556-1cf56a12819c,14/7월/26 9:11 오후,15/7월/26 2:46 오후,15/7월/26 2:43 오후,,20/7월/26 12:00 오전,0,P0;ai;ml;owner-이은주,팀원별 업무량 피처를 설계하고 학습 데이터를 구성한다.,,고무서,712020:f79e4240-1ccc-43b9-b556-1cf56a12819c,,,,,,,,,,{},0|i000i7:,,,,10681,WF-197,FS-5 ML/AI 모델링,진행 중,15/7월/26 2:46 오후
/ai/score/workload 서빙 구현,WF-241,10725,작업,진행 중,WF,work-flow,software,고무서,712020:f79e4240-1ccc-43b9-b556-1cf56a12819c,,Highest,,dldmswn0293,712020:ceb2a2e9-bd2c-4488-b858-1856db7c737a,고무서,712020:f79e4240-1ccc-43b9-b556-1cf56a12819c,고무서,712020:f79e4240-1ccc-43b9-b556-1cf56a12819c,14/7월/26 9:11 오후,15/7월/26 2:46 오후,15/7월/26 2:44 오후,,20/7월/26 12:00 오전,0,P0;ai;ml;owner-이은주,회귀/분류 baseline으로 과부하 점수를 반환한다. 부담당 허영주(표시).,,고무서,712020:f79e4240-1ccc-43b9-b556-1cf56a12819c,,,,,,,,,,{},0|i000if:,,,,10681,WF-197,FS-5 ML/AI 모델링,진행 중,15/7월/26 2:46 오후
ML 모델링 파이프라인을 지원한다,WF-242,10726,스토리,진행 중,WF,work-flow,software,고무서,712020:f79e4240-1ccc-43b9-b556-1cf56a12819c,,High,,dldmswn0293,712020:ceb2a2e9-bd2c-4488-b858-1856db7c737a,고무서,712020:f79e4240-1ccc-43b9-b556-1cf56a12819c,고무서,712020:f79e4240-1ccc-43b9-b556-1cf56a12819c,14/7월/26 9:11 오후,15/7월/26 2:46 오후,15/7월/26 2:46 오후,,20/7월/26 12:00 오전,0,P0;ml;pipeline;owner-이은주,지연 위험도 모델과 임베딩 파이프라인을 지원하고 실험 결과를 정리한다.,,고무서,712020:f79e4240-1ccc-43b9-b556-1cf56a12819c,,,,,,,,,,{},0|i000in:,,,,10681,WF-197,FS-5 ML/AI 모델링,진행 중,15/7월/26 2:46 오후
지연 위험도 모델 학습/평가 지원,WF-243,10727,작업,해야 할 일,WF,work-flow,software,고무서,712020:f79e4240-1ccc-43b9-b556-1cf56a12819c,,High,,dldmswn0293,712020:ceb2a2e9-bd2c-4488-b858-1856db7c737a,고무서,712020:f79e4240-1ccc-43b9-b556-1cf56a12819c,고무서,712020:f79e4240-1ccc-43b9-b556-1cf56a12819c,14/7월/26 9:11 오후,15/7월/26 2:46 오후,15/7월/26 2:46 오후,,27/7월/26 12:00 오전,0,P0;ai;ml;owner-이은주,피처 엔지니어링과 모델 평가를 지원한다. 부담당 허영주.,,고무서,712020:f79e4240-1ccc-43b9-b556-1cf56a12819c,,,,,,,,,,{},0|i000iv:,,,,10681,WF-197,FS-5 ML/AI 모델링,해야 할 일,14/7월/26 9:11 오후
임베딩 파이프라인 지원 구현,WF-244,10728,작업,해야 할 일,WF,work-flow,software,고무서,712020:f79e4240-1ccc-43b9-b556-1cf56a12819c,,Medium,,dldmswn0293,712020:ceb2a2e9-bd2c-4488-b858-1856db7c737a,고무서,712020:f79e4240-1ccc-43b9-b556-1cf56a12819c,고무서,712020:f79e4240-1ccc-43b9-b556-1cf56a12819c,14/7월/26 9:11 오후,15/7월/26 2:44 오후,15/7월/26 2:43 오후,,20/7월/26 12:00 오전,0,P0;ai;rag;owner-이은주,RAG용 embedding 생성 파이프라인을 지원한다. 부담당 고무서.,,고무서,712020:f79e4240-1ccc-43b9-b556-1cf56a12819c,,,,,,,,,,{},0|i000j3:,,,,10681,WF-197,FS-5 ML/AI 모델링,해야 할 일,14/7월/26 9:11 오후
학습/평가 노트북 및 산출물 정리,WF-245,10729,작업,해야 할 일,WF,work-flow,software,고무서,712020:f79e4240-1ccc-43b9-b556-1cf56a12819c,,Medium,,dldmswn0293,712020:ceb2a2e9-bd2c-4488-b858-1856db7c737a,고무서,712020:f79e4240-1ccc-43b9-b556-1cf56a12819c,고무서,712020:f79e4240-1ccc-43b9-b556-1cf56a12819c,14/7월/26 9:11 오후,15/7월/26 2:44 오후,15/7월/26 2:45 오후,,27/7월/26 12:00 오전,0,P0;ml;notebook;owner-이은주,ipynb로 학습/평가를 기록하고 output 폴더에 그래프/모델을 저장한다.,,고무서,712020:f79e4240-1ccc-43b9-b556-1cf56a12819c,,,,,,,,,,{},0|i000jb:,,,,10681,WF-197,FS-5 ML/AI 모델링,해야 할 일,14/7월/26 9:11 오후
상태 기반 칸반 업무 보드를 제공한다,WF-246,10730,스토리,해야 할 일,WF,work-flow,software,고무서,712020:f79e4240-1ccc-43b9-b556-1cf56a12819c,,Highest,,허영주,712020:003b2733-8159-41b2-99b0-1d958da43054,고무서,712020:f79e4240-1ccc-43b9-b556-1cf56a12819c,고무서,712020:f79e4240-1ccc-43b9-b556-1cf56a12819c,14/7월/26 9:11 오후,15/7월/26 10:17 오전,,,28/12월/25 12:00 오전,0,P0;board;kanban;owner-유소은,"할 일, 진행 중, 보류, 완료 컬럼으로 업무를 조회하고 이동한다.",,고무서,712020:f79e4240-1ccc-43b9-b556-1cf56a12819c,,,,,,,,,,{},0|i000jj:,,,,10682,WF-198,FS-6 업무 보드,해야 할 일,14/7월/26 9:11 오후
칸반 보드 UI와 드래그 상태 이동 구현,WF-247,10731,작업,해야 할 일,WF,work-flow,software,고무서,712020:f79e4240-1ccc-43b9-b556-1cf56a12819c,,Highest,,허영주,712020:003b2733-8159-41b2-99b0-1d958da43054,고무서,712020:f79e4240-1ccc-43b9-b556-1cf56a12819c,고무서,712020:f79e4240-1ccc-43b9-b556-1cf56a12819c,14/7월/26 9:11 오후,15/7월/26 10:17 오전,,,28/12월/25 12:00 오전,0,P0;frontend;board;owner-유소은,"상태 컬럼, 업무 카드, 드래그 상태 변경 UI를 구현한다.",,고무서,712020:f79e4240-1ccc-43b9-b556-1cf56a12819c,,,,,,,,,,{},0|i000jr:,,,,10682,WF-198,FS-6 업무 보드,해야 할 일,14/7월/26 9:11 오후
Task CRUD API 구현,WF-248,10732,작업,해야 할 일,WF,work-flow,software,고무서,712020:f79e4240-1ccc-43b9-b556-1cf56a12819c,,Highest,,허영주,712020:003b2733-8159-41b2-99b0-1d958da43054,고무서,712020:f79e4240-1ccc-43b9-b556-1cf56a12819c,고무서,712020:f79e4240-1ccc-43b9-b556-1cf56a12819c,14/7월/26 9:11 오후,15/7월/26 10:17 오전,,,28/12월/25 12:00 오전,0,P0;backend;task;owner-유소은,업무 조회/생성/수정/삭제 API를 구현한다. 부담당 박지수.,,고무서,712020:f79e4240-1ccc-43b9-b556-1cf56a12819c,,,,,,,,,,{},0|i000jz:,,,,10682,WF-198,FS-6 업무 보드,해야 할 일,14/7월/26 9:11 오후
카테고리별 업무 생성과 상세 패널을 제공한다,WF-249,10733,스토리,해야 할 일,WF,work-flow,software,고무서,712020:f79e4240-1ccc-43b9-b556-1cf56a12819c,,Highest,,허영주,712020:003b2733-8159-41b2-99b0-1d958da43054,고무서,712020:f79e4240-1ccc-43b9-b556-1cf56a12819c,고무서,712020:f79e4240-1ccc-43b9-b556-1cf56a12819c,14/7월/26 9:11 오후,15/7월/26 10:17 오전,,,28/12월/25 12:00 오전,0,P0;task-category;detail;owner-유소은,업무 생성 시 카테고리를 먼저 선택하고 공통/전용 필드를 입력한다.,,고무서,712020:f79e4240-1ccc-43b9-b556-1cf56a12819c,,,,,,,,,,{},0|i000k7:,,,,10682,WF-198,FS-6 업무 보드,해야 할 일,14/7월/26 9:11 오후
업무 생성 모달 구현,WF-250,10734,작업,해야 할 일,WF,work-flow,software,고무서,712020:f79e4240-1ccc-43b9-b556-1cf56a12819c,,Highest,,허영주,712020:003b2733-8159-41b2-99b0-1d958da43054,고무서,712020:f79e4240-1ccc-43b9-b556-1cf56a12819c,고무서,712020:f79e4240-1ccc-43b9-b556-1cf56a12819c,14/7월/26 9:11 오후,15/7월/26 10:17 오전,,,28/12월/25 12:00 오전,0,P0;frontend;task;owner-유소은,기획/프론트엔드/백엔드/AI 등 카테고리 선택 후 업무 정보를 입력한다.,,고무서,712020:f79e4240-1ccc-43b9-b556-1cf56a12819c,,,,,,,,,,{},0|i000kf:,,,,10682,WF-198,FS-6 업무 보드,해야 할 일,14/7월/26 9:11 오후
업무 상세 우측 패널 구현,WF-251,10735,작업,해야 할 일,WF,work-flow,software,고무서,712020:f79e4240-1ccc-43b9-b556-1cf56a12819c,,Highest,,허영주,712020:003b2733-8159-41b2-99b0-1d958da43054,고무서,712020:f79e4240-1ccc-43b9-b556-1cf56a12819c,고무서,712020:f79e4240-1ccc-43b9-b556-1cf56a12819c,14/7월/26 9:11 오후,15/7월/26 10:17 오전,,,28/12월/25 12:00 오전,0,P0;frontend;task;owner-유소은,"상태, 담당자, 마감일, 우선순위, 체크리스트를 편집한다.",,고무서,712020:f79e4240-1ccc-43b9-b556-1cf56a12819c,,,,,,,,,,{},0|i000kn:,,,,10682,WF-198,FS-6 업무 보드,해야 할 일,14/7월/26 9:12 오후
체크리스트 API 구현,WF-252,10736,작업,해야 할 일,WF,work-flow,software,고무서,712020:f79e4240-1ccc-43b9-b556-1cf56a12819c,,High,,허영주,712020:003b2733-8159-41b2-99b0-1d958da43054,고무서,712020:f79e4240-1ccc-43b9-b556-1cf56a12819c,고무서,712020:f79e4240-1ccc-43b9-b556-1cf56a12819c,14/7월/26 9:12 오후,15/7월/26 10:17 오전,,,28/12월/25 12:00 오전,0,P0;backend;checklist;owner-유소은,체크리스트 생성/수정/삭제 API를 구현한다.,,고무서,712020:f79e4240-1ccc-43b9-b556-1cf56a12819c,,,,,,,,,,{},0|i000kv:,,,,10682,WF-198,FS-6 업무 보드,해야 할 일,14/7월/26 9:12 오후
심사자 전용 기여도 리포트를 제공한다,WF-253,10737,스토리,해야 할 일,WF,work-flow,software,고무서,712020:f79e4240-1ccc-43b9-b556-1cf56a12819c,,Highest,,고무서,712020:f79e4240-1ccc-43b9-b556-1cf56a12819c,고무서,712020:f79e4240-1ccc-43b9-b556-1cf56a12819c,고무서,712020:f79e4240-1ccc-43b9-b556-1cf56a12819c,14/7월/26 9:12 오후,14/7월/26 9:12 오후,,,28/12월/25 12:00 오전,0,P0;reviewer;contribution;owner-고무서,"업무, 회의, 문서 기반 개인별 활동 요약과 근거를 심사자에게만 표시한다.",,고무서,712020:f79e4240-1ccc-43b9-b556-1cf56a12819c,,,,,,,,,,{},0|i000l3:,,,,10683,WF-199,FS-4 심사자/기여도/QA (통합),해야 할 일,14/7월/26 9:12 오후
심사자 목록/기여도 화면 구현,WF-254,10738,작업,해야 할 일,WF,work-flow,software,고무서,712020:f79e4240-1ccc-43b9-b556-1cf56a12819c,,Highest,,고무서,712020:f79e4240-1ccc-43b9-b556-1cf56a12819c,고무서,712020:f79e4240-1ccc-43b9-b556-1cf56a12819c,고무서,712020:f79e4240-1ccc-43b9-b556-1cf56a12819c,14/7월/26 9:12 오후,14/7월/26 9:12 오후,,,28/12월/25 12:00 오전,0,P0;frontend;reviewer;owner-고무서,"담당 프로젝트 목록, 개인별 리포트, 근거 출처 UI를 구현한다.",,고무서,712020:f79e4240-1ccc-43b9-b556-1cf56a12819c,,,,,,,,,,{},0|i000lb:,,,,10683,WF-199,FS-4 심사자/기여도/QA (통합),해야 할 일,14/7월/26 9:12 오후
기여도 조회 API 구현,WF-255,10739,작업,해야 할 일,WF,work-flow,software,고무서,712020:f79e4240-1ccc-43b9-b556-1cf56a12819c,,Highest,,고무서,712020:f79e4240-1ccc-43b9-b556-1cf56a12819c,고무서,712020:f79e4240-1ccc-43b9-b556-1cf56a12819c,고무서,712020:f79e4240-1ccc-43b9-b556-1cf56a12819c,14/7월/26 9:12 오후,14/7월/26 9:12 오후,,,28/12월/25 12:00 오전,0,P0;backend;contribution;owner-고무서,기여도 리포트 조회 API를 심사자 전용으로 구현한다. 부담당 허영주.,,고무서,712020:f79e4240-1ccc-43b9-b556-1cf56a12819c,,,,,,,,,,{},0|i000lj:,,,,10683,WF-199,FS-4 심사자/기여도/QA (통합),해야 할 일,14/7월/26 9:12 오후
/ai/contribution/summarize 엔드포인트 구현,WF-256,10740,작업,해야 할 일,WF,work-flow,software,고무서,712020:f79e4240-1ccc-43b9-b556-1cf56a12819c,,High,,고무서,712020:f79e4240-1ccc-43b9-b556-1cf56a12819c,고무서,712020:f79e4240-1ccc-43b9-b556-1cf56a12819c,고무서,712020:f79e4240-1ccc-43b9-b556-1cf56a12819c,14/7월/26 9:12 오후,14/7월/26 9:12 오후,,,28/12월/25 12:00 오전,0,P0;ai;llm;owner-고무서,업무/회의/문서 활동을 근거 포함 요약으로 변환한다.,,고무서,712020:f79e4240-1ccc-43b9-b556-1cf56a12819c,,,,,,,,,,{},0|i000lr:,,,,10683,WF-199,FS-4 심사자/기여도/QA (통합),해야 할 일,14/7월/26 9:12 오후
통합 QA와 권한 시나리오를 검증한다,WF-257,10741,스토리,해야 할 일,WF,work-flow,software,고무서,712020:f79e4240-1ccc-43b9-b556-1cf56a12819c,,Highest,,고무서,712020:f79e4240-1ccc-43b9-b556-1cf56a12819c,고무서,712020:f79e4240-1ccc-43b9-b556-1cf56a12819c,고무서,712020:f79e4240-1ccc-43b9-b556-1cf56a12819c,14/7월/26 9:12 오후,14/7월/26 9:12 오후,,,28/12월/25 12:00 오전,0,P0;qa;demo;owner-고무서,회의록 업로드부터 평가 근거 확인까지 데모 흐름과 권한 차단을 검증한다.,,고무서,712020:f79e4240-1ccc-43b9-b556-1cf56a12819c,,,,,,,,,,{},0|i000lz:,,,,10683,WF-199,FS-4 심사자/기여도/QA (통합),해야 할 일,14/7월/26 9:12 오후
권한/RBAC 테스트 케이스 작성 및 실행,WF-258,10742,작업,해야 할 일,WF,work-flow,software,고무서,712020:f79e4240-1ccc-43b9-b556-1cf56a12819c,,Highest,,고무서,712020:f79e4240-1ccc-43b9-b556-1cf56a12819c,고무서,712020:f79e4240-1ccc-43b9-b556-1cf56a12819c,고무서,712020:f79e4240-1ccc-43b9-b556-1cf56a12819c,14/7월/26 9:12 오후,14/7월/26 9:12 오후,,,28/12월/25 12:00 오전,0,P0;qa;rbac;owner-고무서,팀장/팀원/심사자별 허용/차단 시나리오를 검증한다. 부담당 박상준.,,고무서,712020:f79e4240-1ccc-43b9-b556-1cf56a12819c,,,,,,,,,,{},0|i000m7:,,,,10683,WF-199,FS-4 심사자/기여도/QA (통합),해야 할 일,14/7월/26 9:12 오후
최종 데모 E2E 시나리오 검증,WF-259,10743,작업,해야 할 일,WF,work-flow,software,고무서,712020:f79e4240-1ccc-43b9-b556-1cf56a12819c,,Highest,,고무서,712020:f79e4240-1ccc-43b9-b556-1cf56a12819c,고무서,712020:f79e4240-1ccc-43b9-b556-1cf56a12819c,고무서,712020:f79e4240-1ccc-43b9-b556-1cf56a12819c,14/7월/26 9:12 오후,14/7월/26 9:12 오후,,,28/12월/25 12:00 오전,0,P0;qa;e2e;owner-고무서,"회의록 업로드, To-Do 생성, 보드 반영, 대시보드, Assistant, 심사자 평가 흐름을 검증한다.",,고무서,712020:f79e4240-1ccc-43b9-b556-1cf56a12819c,,,,,,,,,,{},0|i000mf:,,,,10683,WF-199,FS-4 심사자/기여도/QA (통합),해야 할 일,14/7월/26 9:12 오후
공통 API 규칙과 응답 envelope를 적용한다,WF-260,10744,스토리,해야 할 일,WF,work-flow,software,고무서,712020:f79e4240-1ccc-43b9-b556-1cf56a12819c,,Highest,,pj,712020:78cf1d37-3963-4e43-9a6c-654d711b9b46,고무서,712020:f79e4240-1ccc-43b9-b556-1cf56a12819c,고무서,712020:f79e4240-1ccc-43b9-b556-1cf56a12819c,14/7월/26 9:12 오후,14/7월/26 9:12 오후,,,28/12월/25 12:00 오전,0,P0;api;contract;owner-박상준,"모든 API는 /api/v1 기준, {success,data,error} 규칙과 공통 오류 코드를 따른다.",,고무서,712020:f79e4240-1ccc-43b9-b556-1cf56a12819c,,,,,,,,,,{},0|i000mn:,,,,10684,WF-200,공통 통합/인프라,해야 할 일,14/7월/26 9:12 오후
공통 응답 envelope와 오류 코드 구현,WF-261,10745,작업,해야 할 일,WF,work-flow,software,고무서,712020:f79e4240-1ccc-43b9-b556-1cf56a12819c,,Highest,,pj,712020:78cf1d37-3963-4e43-9a6c-654d711b9b46,고무서,712020:f79e4240-1ccc-43b9-b556-1cf56a12819c,고무서,712020:f79e4240-1ccc-43b9-b556-1cf56a12819c,14/7월/26 9:12 오후,14/7월/26 9:12 오후,,,28/12월/25 12:00 오전,0,P0;backend;api;owner-박상준,"성공/실패 응답 형식, 상태 코드, 예외 핸들러를 구현한다.",,고무서,712020:f79e4240-1ccc-43b9-b556-1cf56a12819c,,,,,,,,,,{},0|i000mv:,,,,10684,WF-200,공통 통합/인프라,해야 할 일,14/7월/26 9:12 오후
프론트 API 클라이언트 공통 처리 구현,WF-262,10746,작업,해야 할 일,WF,work-flow,software,고무서,712020:f79e4240-1ccc-43b9-b556-1cf56a12819c,,High,,pj,712020:78cf1d37-3963-4e43-9a6c-654d711b9b46,고무서,712020:f79e4240-1ccc-43b9-b556-1cf56a12819c,고무서,712020:f79e4240-1ccc-43b9-b556-1cf56a12819c,14/7월/26 9:12 오후,14/7월/26 9:12 오후,,,28/12월/25 12:00 오전,0,P0;frontend;api;owner-박상준,"JWT 헤더, refresh, envelope unwrap, 오류 처리를 구현한다.",,고무서,712020:f79e4240-1ccc-43b9-b556-1cf56a12819c,,,,,,,,,,{},0|i000n3:,,,,10684,WF-200,공통 통합/인프라,해야 할 일,14/7월/26 9:12 오후
비동기 처리와 상태 폴링 기반을 구축한다,WF-263,10747,스토리,해야 할 일,WF,work-flow,software,고무서,712020:f79e4240-1ccc-43b9-b556-1cf56a12819c,,High,,박지수,712020:edc0bc1f-3635-4e65-be44-df268ba6731b,고무서,712020:f79e4240-1ccc-43b9-b556-1cf56a12819c,고무서,712020:f79e4240-1ccc-43b9-b556-1cf56a12819c,14/7월/26 9:12 오후,14/7월/26 9:12 오후,,,28/12월/25 12:00 오전,0,P0;async;queue;owner-박지수,"회의록 분석, RAG 인덱싱 작업을 비동기로 처리한다.",,고무서,712020:f79e4240-1ccc-43b9-b556-1cf56a12819c,,,,,,,,,,{},0|i000nb:,,,,10684,WF-200,공통 통합/인프라,해야 할 일,14/7월/26 9:12 오후
Redis Queue 작업 처리 구조 구현,WF-264,10748,작업,해야 할 일,WF,work-flow,software,고무서,712020:f79e4240-1ccc-43b9-b556-1cf56a12819c,,High,,박지수,712020:edc0bc1f-3635-4e65-be44-df268ba6731b,고무서,712020:f79e4240-1ccc-43b9-b556-1cf56a12819c,고무서,712020:f79e4240-1ccc-43b9-b556-1cf56a12819c,14/7월/26 9:12 오후,14/7월/26 9:12 오후,,,28/12월/25 12:00 오전,0,P0;backend;queue;owner-박지수,AI 분석 작업을 queue로 넘기고 jobId/status를 반환한다.,,고무서,712020:f79e4240-1ccc-43b9-b556-1cf56a12819c,,,,,,,,,,{},0|i000nj:,,,,10684,WF-200,공통 통합/인프라,해야 할 일,14/7월/26 9:12 오후
공통 작업 상태 폴링 컴포넌트 구현,WF-265,10749,작업,해야 할 일,WF,work-flow,software,고무서,712020:f79e4240-1ccc-43b9-b556-1cf56a12819c,,Medium,,박지수,712020:edc0bc1f-3635-4e65-be44-df268ba6731b,고무서,712020:f79e4240-1ccc-43b9-b556-1cf56a12819c,고무서,712020:f79e4240-1ccc-43b9-b556-1cf56a12819c,14/7월/26 9:12 오후,14/7월/26 9:12 오후,,,28/12월/25 12:00 오전,0,P0;frontend;async;owner-박지수,분석 중/완료/실패 상태를 재사용 가능한 UI로 처리한다.,,고무서,712020:f79e4240-1ccc-43b9-b556-1cf56a12819c,,,,,,,,,,{},0|i000nr:,,,,10684,WF-200,공통 통합/인프라,해야 할 일,14/7월/26 9:12 오후
실제 비동기 분석 처리 구현,WF-266,10750,작업,해야 할 일,WF,work-flow,software,고무서,712020:f79e4240-1ccc-43b9-b556-1cf56a12819c,,Medium,,박지수,712020:edc0bc1f-3635-4e65-be44-df268ba6731b,박지수,712020:edc0bc1f-3635-4e65-be44-df268ba6731b,박지수,712020:edc0bc1f-3635-4e65-be44-df268ba6731b,15/7월/26 2:03 오후,15/7월/26 2:03 오후,,,18/7월/26 12:00 오전,0,,,,박지수,712020:edc0bc1f-3635-4e65-be44-df268ba6731b,,,,,,,,,,{},0|i000nz:,,,,10678,WF-194,FS-2 회의록 AI/To-Do,해야 할 일,15/7월/26 2:03 오후
실제 LLM/STT/문서 파서 연동,WF-267,10751,작업,해야 할 일,WF,work-flow,software,고무서,712020:f79e4240-1ccc-43b9-b556-1cf56a12819c,,Medium,,박지수,712020:edc0bc1f-3635-4e65-be44-df268ba6731b,박지수,712020:edc0bc1f-3635-4e65-be44-df268ba6731b,박지수,712020:edc0bc1f-3635-4e65-be44-df268ba6731b,15/7월/26 2:04 오후,15/7월/26 2:04 오후,,,22/7월/26 12:00 오전,0,,,,박지수,712020:edc0bc1f-3635-4e65-be44-df268ba6731b,,,,,,,,,,{},0|i000o7:,29/7월/26 12:00 오전,,,10678,WF-194,FS-2 회의록 AI/To-Do,해야 할 일,15/7월/26 2:04 오후
업무보드 DB 완전 연동,WF-268,10752,작업,해야 할 일,WF,work-flow,software,고무서,712020:f79e4240-1ccc-43b9-b556-1cf56a12819c,,Medium,,박지수,712020:edc0bc1f-3635-4e65-be44-df268ba6731b,박지수,712020:edc0bc1f-3635-4e65-be44-df268ba6731b,박지수,712020:edc0bc1f-3635-4e65-be44-df268ba6731b,15/7월/26 2:04 오후,15/7월/26 2:04 오후,,,22/7월/26 12:00 오전,0,,,,박지수,712020:edc0bc1f-3635-4e65-be44-df268ba6731b,,,,,,,,,,{},0|i000of:,,,,10678,WF-194,FS-2 회의록 AI/To-Do,해야 할 일,15/7월/26 2:04 오후
API 경로 명세 정리,WF-269,10753,작업,해야 할 일,WF,work-flow,software,고무서,712020:f79e4240-1ccc-43b9-b556-1cf56a12819c,,Medium,,박지수,712020:edc0bc1f-3635-4e65-be44-df268ba6731b,박지수,712020:edc0bc1f-3635-4e65-be44-df268ba6731b,박지수,712020:edc0bc1f-3635-4e65-be44-df268ba6731b,15/7월/26 2:05 오후,15/7월/26 2:05 오후,,,18/7월/26 12:00 오전,0,,,,박지수,712020:edc0bc1f-3635-4e65-be44-df268ba6731b,,,,,,,,,,{},0|i000on:,,,,10678,WF-194,FS-2 회의록 AI/To-Do,해야 할 일,15/7월/26 2:05 오후
실패 상태 저장 / 재시도 처리,WF-270,10754,작업,해야 할 일,WF,work-flow,software,고무서,712020:f79e4240-1ccc-43b9-b556-1cf56a12819c,,Medium,,박지수,712020:edc0bc1f-3635-4e65-be44-df268ba6731b,박지수,712020:edc0bc1f-3635-4e65-be44-df268ba6731b,박지수,712020:edc0bc1f-3635-4e65-be44-df268ba6731b,15/7월/26 2:05 오후,15/7월/26 2:05 오후,,,18/7월/26 12:00 오전,0,,,,박지수,712020:edc0bc1f-3635-4e65-be44-df268ba6731b,,,,,,,,,,{},0|i000ov:,,,,10678,WF-194,FS-2 회의록 AI/To-Do,해야 할 일,15/7월/26 2:05 오후
